run_no,loc,Left,Middle,Middle Left,Right,Gap_pred(mm)
1,A,45.0,54.0,55.0,0.0,4.686908522589386
1,B,50.90225900681571,17.5682656826566,16.957378905224687,-21.36338899642124,3.050108503178407
2,A,44.0,52.0,55.0,55.0,4.649670767403299
2,B,50.8325187011219,19.890497659094763,16.33049633347855,-45.4741638516648,3.3531647830894533
3,A,48.0,58.0,58.0,0.0,4.208156719465748
3,B,56.75038914027118,24.16105700664184,27.698270893371955,-21.251635213911413,2.5330532601839177
