,run_no,loc,Left,Middle,Middle Left,Right,Gap_pred(mm)
0,2,A,44.0,52.0,55.0,55.0,4.649670767403299
0,2,B,50.8325187011219,19.890497659094763,16.33049633347855,-45.4741638516648,3.3531647830894533
