,run_no,loc,Left,Middle,Middle Left,Right,Gap_pred(mm),Flush_pred(mm)
0,2,C,39.0,30.0,30.0,47.0,5.805916346209839,0.5883745897667332
0,2,D,36.0,32.0,32.0,40.0,5.464273232348641,0.19734580590216133
0,2,E,30.0,27.0,29.0,31.0,5.018296208733206,-0.6000150173112311
