,run_no,loc,Left,Middle,Middle Left,Right,Gap_pred(mm)
0,1,A,45.0,54.0,55.0,0.0,4.686908522589386
0,1,B,50.90225900681571,17.5682656826566,16.957378905224687,-21.363388996421236,3.050108503178407
