,run_no,loc,Left,Middle,Middle Left,Right,Gap_pred(mm),Flush_pred(mm)
0,1,C,39.0,30.0,44.0,48.0,5.60758,0.91611
0,1,D,36.0,32.0,33.0,41.0,5.47457,0.22426
0,1,E,31.0,28.0,28.0,31.0,5.01285,-0.28008
