,run_no,loc,Left,Middle,Middle Left,Right,Gap_pred(mm),Flush_pred(mm)
0,1,C,39.0,30.0,44.0,48.0,5.607580609883589,0.9161138743074364
0,1,D,36.0,32.0,33.0,41.0,5.474571185497611,0.22425739393330346
0,1,E,31.0,28.0,28.0,31.0,5.01284892239367,-0.28007930576615125
