,run_no,loc,Left,Middle,Middle Left,Right,Gap_pred(mm),Flush_pred(mm)
0,3,C,38.0,30.0,30.0,50.0,5.809986706847689,0.3668556166081558
0,3,D,34.0,32.0,33.0,40.0,5.429052654658935,-0.7902929751058849
0,3,E,30.0,27.0,30.0,35.0,5.175660315681047,-2.011258264696267
