,run_no,loc,Left,Middle,Middle Left,Right,Gap_pred(mm)
0,3,A,48.0,58.0,58.0,0.0,4.208156719465748
0,3,B,56.75038914027118,24.16105700664184,27.698270893371955,-21.251635213911413,2.5330532601839177
